<edmx:Edmx Version="1.0" xmlns:edmx="http://schemas.microsoft.com/ado/2007/06/edmx" xmlns:m="http://schemas.microsoft.com/ado/2007/08/dataservices/metadata" xmlns:sap="http://www.sap.com/Protocols/SAPData">
    <edmx:DataServices m:DataServiceVersion="2.0">
        <Schema Namespace="4156b23a57ec24fe13c67636" xml:lang="en" sap:schema-version="0000" xmlns="http://schemas.microsoft.com/ado/2008/09/edm">
            <EntityContainer Name="4156b23a57ec24fe13c67636_Entities" m:IsDefaultEntityContainer="true">
                <EntitySet Name="ProductsSet" EntityType="4156b23a57ec24fe13c67636.Products" sap:creatable="true" sap:updatable="true" sap:deletable="true"/>
                <AssociationSet Name="ProductsMovementsMovements" Association="4156b23a57ec24fe13c67636.ProductsMovementsMovements" sap:creatable="true" sap:updatable="true" sap:deletable="true">
                    <End EntitySet="ProductsSet" Role="FromRole_ProductsMovementsMovements"/>
                    <End EntitySet="MovementsSet" Role="ToRole_ProductsMovementsMovements"/>
                </AssociationSet>
                <AssociationSet Name="ProductsListsLists" Association="4156b23a57ec24fe13c67636.ProductsListsLists" sap:creatable="true" sap:updatable="true" sap:deletable="true">
                    <End EntitySet="ProductsSet" Role="FromRole_ProductsListsLists"/>
                    <End EntitySet="ListsSet" Role="ToRole_ProductsListsLists"/>
                </AssociationSet>
                <AssociationSet Name="ProductsRecipesRecipes" Association="4156b23a57ec24fe13c67636.ProductsRecipesRecipes" sap:creatable="true" sap:updatable="true" sap:deletable="true">
                    <End EntitySet="ProductsSet" Role="FromRole_ProductsRecipesRecipes"/>
                    <End EntitySet="RecipesSet" Role="ToRole_ProductsRecipesRecipes"/>
                </AssociationSet>
                <EntitySet Name="ListsSet" EntityType="4156b23a57ec24fe13c67636.Lists" sap:creatable="true" sap:updatable="true" sap:deletable="true"/>
                <AssociationSet Name="ListsProductsProducts" Association="4156b23a57ec24fe13c67636.ListsProductsProducts" sap:creatable="true" sap:updatable="true" sap:deletable="true">
                    <End EntitySet="ListsSet" Role="FromRole_ListsProductsProducts"/>
                    <End EntitySet="ProductsSet" Role="ToRole_ListsProductsProducts"/>
                </AssociationSet>
                <EntitySet Name="Meal_PlanSet" EntityType="4156b23a57ec24fe13c67636.Meal_Plan" sap:creatable="true" sap:updatable="true" sap:deletable="true"/>
                <AssociationSet Name="Meal_PlanRecipesRecipes" Association="4156b23a57ec24fe13c67636.Meal_PlanRecipesRecipes" sap:creatable="true" sap:updatable="true" sap:deletable="true">
                    <End EntitySet="Meal_PlanSet" Role="FromRole_Meal_PlanRecipesRecipes"/>
                    <End EntitySet="RecipesSet" Role="ToRole_Meal_PlanRecipesRecipes"/>
                </AssociationSet>
                <EntitySet Name="RecipesSet" EntityType="4156b23a57ec24fe13c67636.Recipes" sap:creatable="true" sap:updatable="true" sap:deletable="true"/>
                <AssociationSet Name="RecipesProductsProducts" Association="4156b23a57ec24fe13c67636.RecipesProductsProducts" sap:creatable="true" sap:updatable="true" sap:deletable="true">
                    <End EntitySet="RecipesSet" Role="FromRole_RecipesProductsProducts"/>
                    <End EntitySet="ProductsSet" Role="ToRole_RecipesProductsProducts"/>
                </AssociationSet>
                <AssociationSet Name="RecipesMeal_PlanMeal_Plan" Association="4156b23a57ec24fe13c67636.RecipesMeal_PlanMeal_Plan" sap:creatable="true" sap:updatable="true" sap:deletable="true">
                    <End EntitySet="RecipesSet" Role="FromRole_RecipesMeal_PlanMeal_Plan"/>
                    <End EntitySet="Meal_PlanSet" Role="ToRole_RecipesMeal_PlanMeal_Plan"/>
                </AssociationSet>
                <EntitySet Name="MovementsSet" EntityType="4156b23a57ec24fe13c67636.Movements" sap:creatable="true" sap:updatable="true" sap:deletable="true"/>
                <AssociationSet Name="MovementsProductsProducts" Association="4156b23a57ec24fe13c67636.MovementsProductsProducts" sap:creatable="true" sap:updatable="true" sap:deletable="true">
                    <End EntitySet="MovementsSet" Role="FromRole_MovementsProductsProducts"/>
                    <End EntitySet="ProductsSet" Role="ToRole_MovementsProductsProducts"/>
                </AssociationSet>
            </EntityContainer>
            <EntityType Name="Products" sap:pdm-semantics="business-data">
                <Key>
                    <PropertyRef Name="ID"/>
                </Key>
                <Property Name="ID" Type="Edm.String" sap:creatable="true" sap:updatable="true" sap:deletable="true" sap:label="ID"/>
                <Property Name="Name" Type="Edm.String" sap:creatable="true" sap:updatable="true" sap:deletable="true" sap:label="DefaultName"/>
                <Property Name="Brand" Type="Edm.String" sap:creatable="true" sap:updatable="true" sap:deletable="true" sap:label="DefaultName1"/>
                <Property Name="Unit_Price" Type="Edm.Decimal" sap:creatable="true" sap:updatable="true" sap:deletable="true" sap:label="UnitPrice"/>
                <Property Name="Currency" Type="Edm.String" sap:creatable="true" sap:updatable="true" sap:deletable="true" sap:label="Currency"/>
                <Property Name="Net_Qty" Type="Edm.String" sap:creatable="true" sap:updatable="true" sap:deletable="true" sap:label="Net_Qty"/>
                <Property Name="Image" Type="Edm.String" sap:creatable="true" sap:updatable="true" sap:deletable="true" sap:label="Image"/>
                <Property Name="List_Qty" Type="Edm.Decimal" sap:creatable="true" sap:updatable="true" sap:deletable="true" sap:label="Plan_Qty"/>
                <Property Name="List_Price" Type="Edm.Decimal" sap:creatable="true" sap:updatable="true" sap:deletable="true" sap:calculated="{&quot;calculation&quot;:&quot;[{\&quot;label\&quot;:\&quot;*\&quot;,\&quot;name\&quot;:\&quot;times\&quot;,\&quot;type\&quot;:\&quot;operator\&quot;,\&quot;left\&quot;:[{\&quot;label\&quot;:\&quot;PROPERTY\&quot;,\&quot;name\&quot;:\&quot;property\&quot;,\&quot;entityId\&quot;:\&quot;Products\&quot;,\&quot;navPropId\&quot;:\&quot;\&quot;,\&quot;navPropOp\&quot;:null,\&quot;propertyId\&quot;:\&quot;Unit_Price\&quot;,\&quot;type\&quot;:\&quot;property\&quot;,\&quot;propertyType\&quot;:\&quot;Decimal\&quot;,\&quot;isNewLine\&quot;:false,\&quot;id\&quot;:2,\&quot;computedType\&quot;:\&quot;number\&quot;,\&quot;entityName\&quot;:\&quot;Products\&quot;,\&quot;propertyName\&quot;:\&quot;Unit_Price\&quot;}],\&quot;right\&quot;:[{\&quot;label\&quot;:\&quot;PROPERTY\&quot;,\&quot;name\&quot;:\&quot;property\&quot;,\&quot;entityId\&quot;:\&quot;Products\&quot;,\&quot;navPropId\&quot;:\&quot;\&quot;,\&quot;navPropOp\&quot;:null,\&quot;propertyId\&quot;:\&quot;List_Qty\&quot;,\&quot;type\&quot;:\&quot;property\&quot;,\&quot;propertyType\&quot;:\&quot;Decimal\&quot;,\&quot;isNewLine\&quot;:false,\&quot;id\&quot;:3,\&quot;computedType\&quot;:\&quot;number\&quot;,\&quot;entityName\&quot;:\&quot;Products\&quot;,\&quot;propertyName\&quot;:\&quot;List_Qty\&quot;}],\&quot;displayLabel\&quot;:\&quot;*\&quot;,\&quot;isNewLine\&quot;:false,\&quot;id\&quot;:1,\&quot;computedType\&quot;:\&quot;number\&quot;}]&quot;,&quot;inputProperties&quot;:[{&quot;_id&quot;:&quot;5f08c8282beaa806fc9a57ab&quot;,&quot;navPropId&quot;:&quot;&quot;,&quot;entityId&quot;:&quot;Products&quot;,&quot;propertyId&quot;:&quot;Unit_Price&quot;},{&quot;_id&quot;:&quot;5f08c8282beaa806fc9a57aa&quot;,&quot;navPropId&quot;:&quot;&quot;,&quot;entityId&quot;:&quot;Products&quot;,&quot;propertyId&quot;:&quot;List_Qty&quot;}]}" sap:label="List_Price"/>
                <Property Name="Inventory_Qt" Type="Edm.Decimal" sap:creatable="true" sap:updatable="true" sap:deletable="true" sap:label="Inventory_Qt"/>
                <Property Name="Inventory_Price" Type="Edm.Decimal" sap:creatable="true" sap:updatable="true" sap:deletable="true" sap:calculated="{&quot;calculation&quot;:&quot;[{\&quot;label\&quot;:\&quot;*\&quot;,\&quot;name\&quot;:\&quot;times\&quot;,\&quot;type\&quot;:\&quot;operator\&quot;,\&quot;left\&quot;:[{\&quot;label\&quot;:\&quot;PROPERTY\&quot;,\&quot;name\&quot;:\&quot;property\&quot;,\&quot;entityId\&quot;:\&quot;Products\&quot;,\&quot;navPropId\&quot;:\&quot;\&quot;,\&quot;navPropOp\&quot;:null,\&quot;propertyId\&quot;:\&quot;Unit_Price\&quot;,\&quot;type\&quot;:\&quot;property\&quot;,\&quot;propertyType\&quot;:\&quot;Decimal\&quot;,\&quot;isNewLine\&quot;:false,\&quot;id\&quot;:2,\&quot;computedType\&quot;:\&quot;number\&quot;,\&quot;entityName\&quot;:\&quot;Products\&quot;,\&quot;propertyName\&quot;:\&quot;Unit_Price\&quot;}],\&quot;right\&quot;:[{\&quot;label\&quot;:\&quot;PROPERTY\&quot;,\&quot;name\&quot;:\&quot;property\&quot;,\&quot;entityId\&quot;:\&quot;Products\&quot;,\&quot;navPropId\&quot;:\&quot;\&quot;,\&quot;navPropOp\&quot;:null,\&quot;propertyId\&quot;:\&quot;Inventory_Qt\&quot;,\&quot;type\&quot;:\&quot;property\&quot;,\&quot;propertyType\&quot;:\&quot;Decimal\&quot;,\&quot;isNewLine\&quot;:true,\&quot;id\&quot;:3,\&quot;computedType\&quot;:\&quot;number\&quot;,\&quot;entityName\&quot;:\&quot;Products\&quot;,\&quot;propertyName\&quot;:\&quot;Inventory_Qt\&quot;}],\&quot;displayLabel\&quot;:\&quot;*\&quot;,\&quot;isNewLine\&quot;:false,\&quot;id\&quot;:1,\&quot;computedType\&quot;:\&quot;number\&quot;}]&quot;,&quot;inputProperties&quot;:[{&quot;_id&quot;:&quot;5f08c849b70a6b50f5762cee&quot;,&quot;navPropId&quot;:&quot;&quot;,&quot;entityId&quot;:&quot;Products&quot;,&quot;propertyId&quot;:&quot;Unit_Price&quot;},{&quot;_id&quot;:&quot;5f08c849b70a6b50f5762ced&quot;,&quot;navPropId&quot;:&quot;&quot;,&quot;entityId&quot;:&quot;Products&quot;,&quot;propertyId&quot;:&quot;Inventory_Qt&quot;}]}" sap:label="Inventory_Price"/>
                <Property Name="Ingredient_Qt" Type="Edm.Decimal" sap:creatable="true" sap:updatable="true" sap:deletable="true" sap:label="Ingredient_Qt"/>
                <Property Name="Location" Type="Edm.String" sap:creatable="true" sap:updatable="true" sap:deletable="true" sap:label="Location"/>
                <Property Name="Exp_Date" Type="Edm.DateTime" sap:creatable="true" sap:updatable="true" sap:deletable="true" sap:display-format="Date" sap:label="Exp_Date"/>
                <Property Name="Inv_Status" Type="Edm.String" sap:creatable="true" sap:updatable="true" sap:deletable="true" sap:calculated="{&quot;calculation&quot;:&quot;[{\&quot;label\&quot;:\&quot;IF\&quot;,\&quot;name\&quot;:\&quot;if\&quot;,\&quot;type\&quot;:\&quot;condition\&quot;,\&quot;condition\&quot;:[{\&quot;label\&quot;:\&quot;=\&quot;,\&quot;name\&quot;:\&quot;equals\&quot;,\&quot;type\&quot;:\&quot;operator\&quot;,\&quot;left\&quot;:[{\&quot;label\&quot;:\&quot;PROPERTY\&quot;,\&quot;name\&quot;:\&quot;property\&quot;,\&quot;entityId\&quot;:\&quot;Products\&quot;,\&quot;navPropId\&quot;:\&quot;\&quot;,\&quot;navPropOp\&quot;:null,\&quot;propertyId\&quot;:\&quot;Inventory_Qt\&quot;,\&quot;type\&quot;:\&quot;property\&quot;,\&quot;propertyType\&quot;:\&quot;Decimal\&quot;,\&quot;isNewLine\&quot;:false,\&quot;id\&quot;:3,\&quot;computedType\&quot;:\&quot;number\&quot;,\&quot;entityName\&quot;:\&quot;Products\&quot;,\&quot;propertyName\&quot;:\&quot;Inventory_Qt\&quot;}],\&quot;right\&quot;:[{\&quot;label\&quot;:\&quot;VALUE\&quot;,\&quot;name\&quot;:\&quot;value\&quot;,\&quot;type\&quot;:\&quot;value\&quot;,\&quot;value\&quot;:\&quot;0\&quot;,\&quot;isNewLine\&quot;:false,\&quot;id\&quot;:4,\&quot;computedType\&quot;:\&quot;number\&quot;}],\&quot;displayLabel\&quot;:\&quot;=\&quot;,\&quot;isNewLine\&quot;:false,\&quot;id\&quot;:2,\&quot;computedType\&quot;:\&quot;boolean\&quot;}],\&quot;then\&quot;:[{\&quot;label\&quot;:\&quot;VALUE\&quot;,\&quot;name\&quot;:\&quot;value\&quot;,\&quot;type\&quot;:\&quot;value\&quot;,\&quot;value\&quot;:\&quot;Buy\&quot;,\&quot;isNewLine\&quot;:false,\&quot;id\&quot;:5,\&quot;computedType\&quot;:\&quot;string\&quot;}],\&quot;else\&quot;:[{\&quot;label\&quot;:\&quot;IF\&quot;,\&quot;name\&quot;:\&quot;if\&quot;,\&quot;type\&quot;:\&quot;condition\&quot;,\&quot;condition\&quot;:[{\&quot;label\&quot;:\&quot;&lt;=\&quot;,\&quot;name\&quot;:\&quot;ltoe\&quot;,\&quot;type\&quot;:\&quot;operator\&quot;,\&quot;left\&quot;:[{\&quot;label\&quot;:\&quot;PROPERTY\&quot;,\&quot;name\&quot;:\&quot;property\&quot;,\&quot;entityId\&quot;:\&quot;Products\&quot;,\&quot;navPropId\&quot;:\&quot;\&quot;,\&quot;navPropOp\&quot;:null,\&quot;propertyId\&quot;:\&quot;Inventory_Qt\&quot;,\&quot;type\&quot;:\&quot;property\&quot;,\&quot;propertyType\&quot;:\&quot;Decimal\&quot;,\&quot;isNewLine\&quot;:false,\&quot;id\&quot;:8,\&quot;computedType\&quot;:\&quot;number\&quot;,\&quot;entityName\&quot;:\&quot;Products\&quot;,\&quot;propertyName\&quot;:\&quot;Inventory_Qt\&quot;}],\&quot;right\&quot;:[{\&quot;label\&quot;:\&quot;VALUE\&quot;,\&quot;name\&quot;:\&quot;value\&quot;,\&quot;type\&quot;:\&quot;value\&quot;,\&quot;value\&quot;:\&quot;1\&quot;,\&quot;isNewLine\&quot;:true,\&quot;id\&quot;:9,\&quot;computedType\&quot;:\&quot;number\&quot;}],\&quot;displayLabel\&quot;:\&quot;≤\&quot;,\&quot;isNewLine\&quot;:false,\&quot;id\&quot;:7,\&quot;computedType\&quot;:\&quot;boolean\&quot;}],\&quot;then\&quot;:[{\&quot;label\&quot;:\&quot;VALUE\&quot;,\&quot;name\&quot;:\&quot;value\&quot;,\&quot;type\&quot;:\&quot;value\&quot;,\&quot;value\&quot;:\&quot;Low\&quot;,\&quot;isNewLine\&quot;:false,\&quot;id\&quot;:10,\&quot;computedType\&quot;:\&quot;string\&quot;}],\&quot;else\&quot;:[{\&quot;label\&quot;:\&quot;VALUE\&quot;,\&quot;name\&quot;:\&quot;value\&quot;,\&quot;type\&quot;:\&quot;value\&quot;,\&quot;value\&quot;:\&quot;Good\&quot;,\&quot;isNewLine\&quot;:false,\&quot;id\&quot;:11,\&quot;computedType\&quot;:\&quot;string\&quot;}],\&quot;isNewLine\&quot;:false,\&quot;id\&quot;:6,\&quot;computedType\&quot;:\&quot;string\&quot;}],\&quot;isNewLine\&quot;:false,\&quot;id\&quot;:1,\&quot;computedType\&quot;:\&quot;string\&quot;}]&quot;,&quot;inputProperties&quot;:[{&quot;_id&quot;:&quot;5f08c8fa2beaa806fc9a58d1&quot;,&quot;navPropId&quot;:&quot;&quot;,&quot;entityId&quot;:&quot;Products&quot;,&quot;propertyId&quot;:&quot;Inventory_Qt&quot;},{&quot;_id&quot;:&quot;5f08c8fa2beaa806fc9a58d0&quot;,&quot;navPropId&quot;:&quot;&quot;,&quot;entityId&quot;:&quot;Products&quot;,&quot;propertyId&quot;:&quot;Inventory_Qt&quot;}]}" sap:label="Inv_Status"/>
                <Property Name="Inv_Color" Type="Edm.String" sap:creatable="true" sap:updatable="true" sap:deletable="true" sap:calculated="{&quot;calculation&quot;:&quot;[{\&quot;label\&quot;:\&quot;IF\&quot;,\&quot;name\&quot;:\&quot;if\&quot;,\&quot;type\&quot;:\&quot;condition\&quot;,\&quot;condition\&quot;:[{\&quot;label\&quot;:\&quot;=\&quot;,\&quot;name\&quot;:\&quot;equals\&quot;,\&quot;type\&quot;:\&quot;operator\&quot;,\&quot;left\&quot;:[{\&quot;label\&quot;:\&quot;PROPERTY\&quot;,\&quot;name\&quot;:\&quot;property\&quot;,\&quot;entityId\&quot;:\&quot;Products\&quot;,\&quot;navPropId\&quot;:\&quot;\&quot;,\&quot;navPropOp\&quot;:null,\&quot;propertyId\&quot;:\&quot;Inv_Status\&quot;,\&quot;type\&quot;:\&quot;property\&quot;,\&quot;propertyType\&quot;:\&quot;String\&quot;,\&quot;isNewLine\&quot;:false,\&quot;id\&quot;:3,\&quot;computedType\&quot;:\&quot;string\&quot;,\&quot;entityName\&quot;:\&quot;Products\&quot;,\&quot;propertyName\&quot;:\&quot;Inv_Status\&quot;}],\&quot;right\&quot;:[{\&quot;label\&quot;:\&quot;VALUE\&quot;,\&quot;name\&quot;:\&quot;value\&quot;,\&quot;type\&quot;:\&quot;value\&quot;,\&quot;value\&quot;:\&quot;Buy\&quot;,\&quot;isNewLine\&quot;:false,\&quot;id\&quot;:4,\&quot;computedType\&quot;:\&quot;string\&quot;}],\&quot;displayLabel\&quot;:\&quot;=\&quot;,\&quot;isNewLine\&quot;:false,\&quot;id\&quot;:2,\&quot;computedType\&quot;:\&quot;boolean\&quot;}],\&quot;then\&quot;:[{\&quot;label\&quot;:\&quot;VALUE\&quot;,\&quot;name\&quot;:\&quot;value\&quot;,\&quot;type\&quot;:\&quot;value\&quot;,\&quot;value\&quot;:\&quot;Warning\&quot;,\&quot;isNewLine\&quot;:false,\&quot;id\&quot;:5,\&quot;computedType\&quot;:\&quot;string\&quot;}],\&quot;else\&quot;:[{\&quot;label\&quot;:\&quot;IF\&quot;,\&quot;name\&quot;:\&quot;if\&quot;,\&quot;type\&quot;:\&quot;condition\&quot;,\&quot;condition\&quot;:[{\&quot;label\&quot;:\&quot;=\&quot;,\&quot;name\&quot;:\&quot;equals\&quot;,\&quot;type\&quot;:\&quot;operator\&quot;,\&quot;left\&quot;:[{\&quot;label\&quot;:\&quot;PROPERTY\&quot;,\&quot;name\&quot;:\&quot;property\&quot;,\&quot;entityId\&quot;:\&quot;Products\&quot;,\&quot;navPropId\&quot;:\&quot;\&quot;,\&quot;navPropOp\&quot;:null,\&quot;propertyId\&quot;:\&quot;Inv_Status\&quot;,\&quot;type\&quot;:\&quot;property\&quot;,\&quot;propertyType\&quot;:\&quot;String\&quot;,\&quot;isNewLine\&quot;:false,\&quot;id\&quot;:8,\&quot;computedType\&quot;:\&quot;string\&quot;,\&quot;entityName\&quot;:\&quot;Products\&quot;,\&quot;propertyName\&quot;:\&quot;Inv_Status\&quot;}],\&quot;right\&quot;:[{\&quot;label\&quot;:\&quot;VALUE\&quot;,\&quot;name\&quot;:\&quot;value\&quot;,\&quot;type\&quot;:\&quot;value\&quot;,\&quot;value\&quot;:\&quot;Low\&quot;,\&quot;isNewLine\&quot;:false,\&quot;id\&quot;:9,\&quot;computedType\&quot;:\&quot;string\&quot;}],\&quot;displayLabel\&quot;:\&quot;=\&quot;,\&quot;isNewLine\&quot;:false,\&quot;id\&quot;:7,\&quot;computedType\&quot;:\&quot;boolean\&quot;}],\&quot;then\&quot;:[{\&quot;label\&quot;:\&quot;VALUE\&quot;,\&quot;name\&quot;:\&quot;value\&quot;,\&quot;type\&quot;:\&quot;value\&quot;,\&quot;value\&quot;:\&quot;Warning\&quot;,\&quot;isNewLine\&quot;:false,\&quot;id\&quot;:10,\&quot;computedType\&quot;:\&quot;string\&quot;}],\&quot;else\&quot;:[{\&quot;label\&quot;:\&quot;VALUE\&quot;,\&quot;name\&quot;:\&quot;value\&quot;,\&quot;type\&quot;:\&quot;value\&quot;,\&quot;value\&quot;:\&quot;Success\&quot;,\&quot;isNewLine\&quot;:false,\&quot;id\&quot;:11,\&quot;computedType\&quot;:\&quot;string\&quot;}],\&quot;isNewLine\&quot;:false,\&quot;id\&quot;:6,\&quot;computedType\&quot;:\&quot;string\&quot;}],\&quot;isNewLine\&quot;:false,\&quot;id\&quot;:1,\&quot;computedType\&quot;:\&quot;string\&quot;}]&quot;,&quot;inputProperties&quot;:[{&quot;_id&quot;:&quot;5f08d2a177f17f511ec25188&quot;,&quot;navPropId&quot;:&quot;&quot;,&quot;entityId&quot;:&quot;Products&quot;,&quot;propertyId&quot;:&quot;Inv_Status&quot;},{&quot;_id&quot;:&quot;5f08d2a177f17f511ec25187&quot;,&quot;navPropId&quot;:&quot;&quot;,&quot;entityId&quot;:&quot;Products&quot;,&quot;propertyId&quot;:&quot;Inv_Status&quot;}]}" sap:label="Inv_Color"/>
                <Property Name="___FK_b77f4e305b39c65213cb9142_00080" Type="Edm.String" sap:creatable="true" sap:updatable="true" sap:deletable="true" sap:label="___FK_b77f4e305b39c65213cb9142_00080"/>
                <Property Name="___FK_b77f4e305b39c65213cb9142_00084" Type="Edm.String" sap:creatable="true" sap:updatable="true" sap:deletable="true" sap:label="___FK_b77f4e305b39c65213cb9142_00084"/>
                <Property Name="___FK_b77f4e305b39c65213cb9142_00094" Type="Edm.String" sap:creatable="true" sap:updatable="true" sap:deletable="true" sap:label="___FK_b77f4e305b39c65213cb9142_00094"/>
                <NavigationProperty Name="Movements" Relationship="4156b23a57ec24fe13c67636.ProductsMovementsMovements" FromRole="FromRole_ProductsMovementsMovements" ToRole="ToRole_ProductsMovementsMovements"/>
                <NavigationProperty Name="Lists" Relationship="4156b23a57ec24fe13c67636.ProductsListsLists" FromRole="FromRole_ProductsListsLists" ToRole="ToRole_ProductsListsLists"/>
                <NavigationProperty Name="Recipes" Relationship="4156b23a57ec24fe13c67636.ProductsRecipesRecipes" FromRole="FromRole_ProductsRecipesRecipes" ToRole="ToRole_ProductsRecipesRecipes"/>
            </EntityType>
            <Association Name="ProductsMovementsMovements">
                <End Type="4156b23a57ec24fe13c67636.Products" Multiplicity="1" Role="FromRole_ProductsMovementsMovements"/>
                <End Type="4156b23a57ec24fe13c67636.Movements" Multiplicity="*" Role="ToRole_ProductsMovementsMovements"/>
                <ReferentialConstraint>
                    <Principal Role="FromRole_ProductsMovementsMovements">
                        <PropertyRef Name="ID"/>
                    </Principal>
                    <Dependent Role="ToRole_ProductsMovementsMovements">
                        <PropertyRef Name="___FK_b77f4e305b39c65213cb9142_00082"/>
                    </Dependent>
                </ReferentialConstraint>
            </Association>
            <Association Name="ProductsListsLists">
                <End Type="4156b23a57ec24fe13c67636.Products" Multiplicity="1" Role="FromRole_ProductsListsLists"/>
                <End Type="4156b23a57ec24fe13c67636.Lists" Multiplicity="1" Role="ToRole_ProductsListsLists"/>
                <ReferentialConstraint>
                    <Principal Role="ToRole_ProductsListsLists">
                        <PropertyRef Name="ID"/>
                    </Principal>
                    <Dependent Role="FromRole_ProductsListsLists">
                        <PropertyRef Name="___FK_b77f4e305b39c65213cb9142_00094"/>
                    </Dependent>
                </ReferentialConstraint>
            </Association>
            <Association Name="ProductsRecipesRecipes">
                <End Type="4156b23a57ec24fe13c67636.Products" Multiplicity="1" Role="FromRole_ProductsRecipesRecipes"/>
                <End Type="4156b23a57ec24fe13c67636.Recipes" Multiplicity="*" Role="ToRole_ProductsRecipesRecipes"/>
                <ReferentialConstraint>
                    <Principal Role="FromRole_ProductsRecipesRecipes">
                        <PropertyRef Name="ID"/>
                    </Principal>
                    <Dependent Role="ToRole_ProductsRecipesRecipes">
                        <PropertyRef Name="___FK_b77f4e305b39c65213cb9142_00103"/>
                    </Dependent>
                </ReferentialConstraint>
            </Association>
            <EntityType Name="Lists">
                <Key>
                    <PropertyRef Name="ID"/>
                </Key>
                <Property Name="ID" Type="Edm.String" sap:creatable="true" sap:updatable="true" sap:deletable="true" sap:label="ID"/>
                <Property Name="Name" Type="Edm.String" sap:creatable="true" sap:updatable="true" sap:deletable="true" sap:label="Name"/>
                <NavigationProperty Name="Products" Relationship="4156b23a57ec24fe13c67636.ListsProductsProducts" FromRole="FromRole_ListsProductsProducts" ToRole="ToRole_ListsProductsProducts"/>
            </EntityType>
            <Association Name="ListsProductsProducts">
                <End Type="4156b23a57ec24fe13c67636.Lists" Multiplicity="1" Role="FromRole_ListsProductsProducts"/>
                <End Type="4156b23a57ec24fe13c67636.Products" Multiplicity="*" Role="ToRole_ListsProductsProducts"/>
                <ReferentialConstraint>
                    <Principal Role="FromRole_ListsProductsProducts">
                        <PropertyRef Name="ID"/>
                    </Principal>
                    <Dependent Role="ToRole_ListsProductsProducts">
                        <PropertyRef Name="___FK_b77f4e305b39c65213cb9142_00080"/>
                    </Dependent>
                </ReferentialConstraint>
            </Association>
            <EntityType Name="Meal_Plan">
                <Key>
                    <PropertyRef Name="ID"/>
                </Key>
                <Property Name="ID" Type="Edm.String" sap:creatable="true" sap:updatable="true" sap:deletable="true" sap:label="ID"/>
                <Property Name="Date" Type="Edm.DateTime" sap:creatable="true" sap:updatable="true" sap:deletable="true" sap:display-format="Date" sap:label="Date"/>
                <Property Name="Type" Type="Edm.String" sap:creatable="true" sap:updatable="true" sap:deletable="true" sap:label="Type"/>
                <Property Name="___FK_b77f4e305b39c65213cb9142_00097" Type="Edm.String" sap:creatable="true" sap:updatable="true" sap:deletable="true" sap:label="___FK_b77f4e305b39c65213cb9142_00097"/>
                <NavigationProperty Name="Recipes" Relationship="4156b23a57ec24fe13c67636.Meal_PlanRecipesRecipes" FromRole="FromRole_Meal_PlanRecipesRecipes" ToRole="ToRole_Meal_PlanRecipesRecipes"/>
            </EntityType>
            <Association Name="Meal_PlanRecipesRecipes">
                <End Type="4156b23a57ec24fe13c67636.Meal_Plan" Multiplicity="1" Role="FromRole_Meal_PlanRecipesRecipes"/>
                <End Type="4156b23a57ec24fe13c67636.Recipes" Multiplicity="*" Role="ToRole_Meal_PlanRecipesRecipes"/>
                <ReferentialConstraint>
                    <Principal Role="FromRole_Meal_PlanRecipesRecipes">
                        <PropertyRef Name="ID"/>
                    </Principal>
                    <Dependent Role="ToRole_Meal_PlanRecipesRecipes">
                        <PropertyRef Name="___FK_b77f4e305b39c65213cb9142_00086"/>
                    </Dependent>
                </ReferentialConstraint>
            </Association>
            <EntityType Name="Recipes">
                <Key>
                    <PropertyRef Name="ID"/>
                </Key>
                <Property Name="ID" Type="Edm.String" sap:creatable="true" sap:updatable="true" sap:deletable="true" sap:label="ID"/>
                <Property Name="___FK_b77f4e305b39c65213cb9142_00086" Type="Edm.String" sap:creatable="true" sap:updatable="true" sap:deletable="true" sap:label="___FK_b77f4e305b39c65213cb9142_00086"/>
                <Property Name="Name" Type="Edm.String" sap:creatable="true" sap:updatable="true" sap:deletable="true" sap:label="Name"/>
                <Property Name="Directions" Type="Edm.String" sap:creatable="true" sap:updatable="true" sap:deletable="true" sap:label="Directions"/>
                <Property Name="___FK_b77f4e305b39c65213cb9142_00103" Type="Edm.String" sap:creatable="true" sap:updatable="true" sap:deletable="true" sap:label="___FK_b77f4e305b39c65213cb9142_00103"/>
                <NavigationProperty Name="Products" Relationship="4156b23a57ec24fe13c67636.RecipesProductsProducts" FromRole="FromRole_RecipesProductsProducts" ToRole="ToRole_RecipesProductsProducts"/>
                <NavigationProperty Name="Meal_Plan" Relationship="4156b23a57ec24fe13c67636.RecipesMeal_PlanMeal_Plan" FromRole="FromRole_RecipesMeal_PlanMeal_Plan" ToRole="ToRole_RecipesMeal_PlanMeal_Plan"/>
            </EntityType>
            <Association Name="RecipesProductsProducts">
                <End Type="4156b23a57ec24fe13c67636.Recipes" Multiplicity="1" Role="FromRole_RecipesProductsProducts"/>
                <End Type="4156b23a57ec24fe13c67636.Products" Multiplicity="*" Role="ToRole_RecipesProductsProducts"/>
                <ReferentialConstraint>
                    <Principal Role="FromRole_RecipesProductsProducts">
                        <PropertyRef Name="ID"/>
                    </Principal>
                    <Dependent Role="ToRole_RecipesProductsProducts">
                        <PropertyRef Name="___FK_b77f4e305b39c65213cb9142_00084"/>
                    </Dependent>
                </ReferentialConstraint>
            </Association>
            <Association Name="RecipesMeal_PlanMeal_Plan">
                <End Type="4156b23a57ec24fe13c67636.Recipes" Multiplicity="1" Role="FromRole_RecipesMeal_PlanMeal_Plan"/>
                <End Type="4156b23a57ec24fe13c67636.Meal_Plan" Multiplicity="*" Role="ToRole_RecipesMeal_PlanMeal_Plan"/>
                <ReferentialConstraint>
                    <Principal Role="FromRole_RecipesMeal_PlanMeal_Plan">
                        <PropertyRef Name="ID"/>
                    </Principal>
                    <Dependent Role="ToRole_RecipesMeal_PlanMeal_Plan">
                        <PropertyRef Name="___FK_b77f4e305b39c65213cb9142_00097"/>
                    </Dependent>
                </ReferentialConstraint>
            </Association>
            <EntityType Name="Movements">
                <Key>
                    <PropertyRef Name="ID"/>
                </Key>
                <Property Name="ID" Type="Edm.String" sap:creatable="true" sap:updatable="true" sap:deletable="true" sap:label="ID"/>
                <Property Name="Date" Type="Edm.DateTime" sap:creatable="true" sap:updatable="true" sap:deletable="true" sap:display-format="Date" sap:label="Date"/>
                <Property Name="Type" Type="Edm.String" sap:creatable="true" sap:updatable="true" sap:deletable="true" sap:label="Type"/>
                <Property Name="Quantity" Type="Edm.Decimal" sap:creatable="true" sap:updatable="true" sap:deletable="true" sap:label="Quantity"/>
                <Property Name="Date_Stock" Type="Edm.Decimal" sap:creatable="true" sap:updatable="true" sap:deletable="true" sap:label="Stock"/>
                <Property Name="___FK_b77f4e305b39c65213cb9142_00082" Type="Edm.String" sap:creatable="true" sap:updatable="true" sap:deletable="true" sap:label="___FK_b77f4e305b39c65213cb9142_00082"/>
                <Property Name="Value" Type="Edm.Decimal" sap:creatable="true" sap:updatable="true" sap:deletable="true" sap:calculated="{&quot;calculation&quot;:&quot;[{\&quot;label\&quot;:\&quot;*\&quot;,\&quot;name\&quot;:\&quot;times\&quot;,\&quot;type\&quot;:\&quot;operator\&quot;,\&quot;left\&quot;:[{\&quot;label\&quot;:\&quot;PROPERTY\&quot;,\&quot;name\&quot;:\&quot;property\&quot;,\&quot;entityId\&quot;:\&quot;Products\&quot;,\&quot;navPropId\&quot;:\&quot;Products\&quot;,\&quot;navPropOp\&quot;:null,\&quot;propertyId\&quot;:\&quot;Unit_Price\&quot;,\&quot;type\&quot;:\&quot;property\&quot;,\&quot;propertyType\&quot;:\&quot;Decimal\&quot;,\&quot;isNewLine\&quot;:false,\&quot;id\&quot;:2,\&quot;computedType\&quot;:\&quot;number\&quot;,\&quot;navPropName\&quot;:\&quot;Products\&quot;,\&quot;entityName\&quot;:\&quot;Products\&quot;,\&quot;propertyName\&quot;:\&quot;Unit_Price\&quot;}],\&quot;right\&quot;:[{\&quot;label\&quot;:\&quot;PROPERTY\&quot;,\&quot;name\&quot;:\&quot;property\&quot;,\&quot;entityId\&quot;:\&quot;Movements\&quot;,\&quot;navPropId\&quot;:\&quot;\&quot;,\&quot;navPropOp\&quot;:null,\&quot;propertyId\&quot;:\&quot;Quantity\&quot;,\&quot;type\&quot;:\&quot;property\&quot;,\&quot;propertyType\&quot;:\&quot;Decimal\&quot;,\&quot;isNewLine\&quot;:false,\&quot;id\&quot;:3,\&quot;computedType\&quot;:\&quot;number\&quot;,\&quot;entityName\&quot;:\&quot;Movements\&quot;,\&quot;propertyName\&quot;:\&quot;Quantity\&quot;}],\&quot;displayLabel\&quot;:\&quot;*\&quot;,\&quot;isNewLine\&quot;:false,\&quot;id\&quot;:1,\&quot;computedType\&quot;:\&quot;number\&quot;}]&quot;,&quot;inputProperties&quot;:[{&quot;_id&quot;:&quot;5f08d37077f17f511ec251e8&quot;,&quot;navPropId&quot;:&quot;Products&quot;,&quot;entityId&quot;:&quot;Products&quot;,&quot;propertyId&quot;:&quot;Unit_Price&quot;},{&quot;_id&quot;:&quot;5f08d37077f17f511ec251e7&quot;,&quot;navPropId&quot;:&quot;&quot;,&quot;entityId&quot;:&quot;Movements&quot;,&quot;propertyId&quot;:&quot;Quantity&quot;}]}" sap:label="Value"/>
                <Property Name="___FK_b77f4e305b39c65213cb9142_00101" Type="Edm.String" sap:creatable="true" sap:updatable="true" sap:deletable="true" sap:label="___FK_b77f4e305b39c65213cb9142_00101"/>
                <NavigationProperty Name="Products" Relationship="4156b23a57ec24fe13c67636.MovementsProductsProducts" FromRole="FromRole_MovementsProductsProducts" ToRole="ToRole_MovementsProductsProducts"/>
            </EntityType>
            <Association Name="MovementsProductsProducts">
                <End Type="4156b23a57ec24fe13c67636.Movements" Multiplicity="1" Role="FromRole_MovementsProductsProducts"/>
                <End Type="4156b23a57ec24fe13c67636.Products" Multiplicity="1" Role="ToRole_MovementsProductsProducts"/>
                <ReferentialConstraint>
                    <Principal Role="ToRole_MovementsProductsProducts">
                        <PropertyRef Name="ID"/>
                    </Principal>
                    <Dependent Role="FromRole_MovementsProductsProducts">
                        <PropertyRef Name="___FK_b77f4e305b39c65213cb9142_00101"/>
                    </Dependent>
                </ReferentialConstraint>
            </Association>
        </Schema>
    </edmx:DataServices>
</edmx:Edmx>
