[{"ID":"1","Name":"Yogurt Griego Natural","Brand":"Pasco","Unit_Price":13082,"Currency":"COP","Net_Qty":"500 mL","Image":"/webapp/localService/assets/pasco-griego-natural-500.jpg","List_Qty":1,"List_Price":1033.9,"Inventory_Qt":2,"Inventory_Price":6052.43,"Ingredient_Qt":1,"Location":"Fridge","Exp_Date":"/Date(1594771200000)/","Inv_Status":"","Inv_Color":"","___FK_b77f4e305b39c65213cb9142_00080":"1","___FK_b77f4e305b39c65213cb9142_00084":"1","___FK_b77f4e305b39c65213cb9142_00094":"1"},{"ID":"2","Name":"Lechuga Crespa","Brand":"","Unit_Price":4000,"Currency":"COP","Net_Qty":"180 gr","Image":"/webapp/localService/assets/lechuga-crespa-merqueo-800x800-01.jpg","List_Qty":2,"List_Price":5618.43,"Inventory_Qt":0,"Inventory_Price":4627.19,"Ingredient_Qt":1893.07,"Location":"","Exp_Date":"/Date(1113174069000)/","Inv_Status":"","Inv_Color":"","___FK_b77f4e305b39c65213cb9142_00080":"1","___FK_b77f4e305b39c65213cb9142_00084":"","___FK_b77f4e305b39c65213cb9142_00094":"1"},{"ID":"3","Name":"Tomate Cherry","Brand":"","Unit_Price":2750,"Currency":"COP","Net_Qty":"225 gr","Image":"/webapp/localService/assets/Fresqueo-Tomate-Cherry-Mockup.jpg","List_Qty":1,"List_Price":2998.23,"Inventory_Qt":0,"Inventory_Price":1372.07,"Ingredient_Qt":4053.74,"Location":"","Exp_Date":"/Date(1490482869000)/","Inv_Status":"","Inv_Color":"","___FK_b77f4e305b39c65213cb9142_00080":"1","___FK_b77f4e305b39c65213cb9142_00084":"","___FK_b77f4e305b39c65213cb9142_00094":"1"},{"ID":"4","Name":"Jamón de Cerdo","Brand":"Pietran","Unit_Price":12310,"Currency":"COP","Net_Qty":"450 gr","Image":"/webapp/localService/assets/PIETRAN-CERDO-450-G.png","List_Qty":1,"List_Price":1845.21,"Inventory_Qt":1,"Inventory_Price":5647.37,"Ingredient_Qt":3049.42,"Location":"Fridge","Exp_Date":"/Date(1598486400000)/","Inv_Status":"","Inv_Color":"","___FK_b77f4e305b39c65213cb9142_00080":"1","___FK_b77f4e305b39c65213cb9142_00084":"","___FK_b77f4e305b39c65213cb9142_00094":"1"},{"ID":"6","Name":"Mezcla Maní, Almendras y Marañones","Brand":"La Especial","Unit_Price":15290,"Currency":"COP","Net_Qty":"450 gr","Image":"sap-icon://picture","List_Qty":6,"List_Price":5982.27,"Inventory_Qt":0,"Inventory_Price":3844.56,"Ingredient_Qt":3590.75,"Location":"","Exp_Date":"/Date(1059865269000)/","Inv_Status":"","Inv_Color":"","___FK_b77f4e305b39c65213cb9142_00080":"3","___FK_b77f4e305b39c65213cb9142_00084":"","___FK_b77f4e305b39c65213cb9142_00094":"3"}]