[{"ID":"1","___FK_b77f4e305b39c65213cb9142_00086":"1","Name":"Parfait","Directions":"Mezclar Yogurt Griego con Futas y Granola","___FK_b77f4e305b39c65213cb9142_00103":"1"},{"ID":"2","___FK_b77f4e305b39c65213cb9142_00086":"2","Name":"Ensalada De Atún","Directions":"No incluir papa","___FK_b77f4e305b39c65213cb9142_00103":""},{"ID":"3","___FK_b77f4e305b39c65213cb9142_00086":"3","Name":"Batido Verde","Directions":"Licuar Pepino, espinaca, piña, apio y agua","___FK_b77f4e305b39c65213cb9142_00103":""}]