{
    "dataBinding": {
        "/webapp/view/Home.view.xml": {
            "entitySet": "/ProductsSet"
        }, 
        "/webapp/view/ShoppingLists.view.xml": {
            "entitySet": "/ListsSet"
        }, 
        "/webapp/view/ShoppingListDetail.view.xml": {
            "entitySet": "/ListsSet"
        }, 
        "/webapp/view/ChangeItem.view.xml": {
            "entitySet": "/ProductsSet"
        }, 
        "/webapp/view/Inventory.view.xml": {
            "entitySet": "/ProductsSet"
        }, 
        "/webapp/view/MealPlan.view.xml": {
            "entitySet": "/Meal_PlanSet"
        }, 
        "/webapp/view/AddItem.view.xml": {
            "entitySet": "/ProductsSet"
        }, 
        "/webapp/view/AddList.view.xml": {
            "entitySet": "/ListsSet"
        }, 
        "/webapp/view/Item.view.xml": {
            "entitySet": ""
        }, 
        "/webapp/view/Dialog2.view.xml": {
            "entitySet": ""
        }, 
        "/webapp/view/ActionSheet1.view.xml": {
            "entitySet": ""
        }, 
        "/webapp/view/CrearNuevaLista.view.xml": {
            "entitySet": "/ListsSet"
        } 
    }
}