{"static":{},"combined":{"ProductsSet":[{"ID":"1"},{"ID":"2"},{"ID":"3","Nodes":[{"ID":"1","Nodes":[{"ID":"5"}]},{"ID":"2"},{"ID":"3","Nodes":[{"ID":"4"}]}]},{"ID":"4"},{"ID":"6"}],"ListsSet":[{"ID":"1","Nodes":[{"ID":"1","Nodes":[{"ID":"2"},{"ID":"3","Nodes":[{"ID":"6"},{"ID":"1","Nodes":[{"ID":"5"}]},{"ID":"2"},{"ID":"3","Nodes":[{"ID":"4"}]}]},{"ID":"4"}]}]},{"ID":"2"},{"ID":"3"}],"Meal_PlanSet":[{"ID":"1","Nodes":[{"ID":"1","Nodes":[{"ID":"1"}]}]},{"ID":"2","Nodes":[{"ID":"2"}]},{"ID":"3","Nodes":[{"ID":"3"}]}],"RecipesSet":[{"ID":"1","Nodes":[{"ID":"1"}]},{"ID":"2"},{"ID":"3"}],"MovementsSet":[{"ID":"1","Type":"Compra","Quantity":1,"Date_Stock":1,"___FK_b77f4e305b39c65213cb9142_00082":"3","Value":null,"___FK_b77f4e305b39c65213cb9142_00101":"3"},{"ID":"2","Type":"Consumo","Quantity":-1,"Date_Stock":2,"___FK_b77f4e305b39c65213cb9142_00082":"3","Value":null,"___FK_b77f4e305b39c65213cb9142_00101":"3"},{"ID":"3","Type":"Compra","Quantity":1,"Date_Stock":1,"___FK_b77f4e305b39c65213cb9142_00082":"3","Value":null,"___FK_b77f4e305b39c65213cb9142_00101":"3"},{"ID":"4","Type":"Desperdicio","Quantity":-1,"Date_Stock":0,"___FK_b77f4e305b39c65213cb9142_00082":"3","Value":null,"___FK_b77f4e305b39c65213cb9142_00101":"3"},{"ID":"5","Type":"Compra","Quantity":2,"Date_Stock":2,"___FK_b77f4e305b39c65213cb9142_00082":"1","Value":null,"___FK_b77f4e305b39c65213cb9142_00101":"1"}]}}